{
  "start_time": 1755216386.8884664,
  "total_actions": 200,
  "total_episodes": 0,
  "llm_calls": 0,
  "actions_per_second": 628.9056724859466,
  "mode": "ultra_fast",
  "model": "rule-based",
  "end_time": 1755216387.2065253
}