{
  "start_time": 1755318954.1175792,
  "total_actions": 100,
  "total_episodes": 0,
  "actions_per_second": 464.4356032629939,
  "mode": "ultra_fast",
  "model": "rule-based",
  "elapsed_time": 0.13903188705444336,
  "end_time": 1755318954.333645
}