{
  "start_time": 1755220492.1249998,
  "total_actions": 2000,
  "total_episodes": 0,
  "llm_calls": 100,
  "actions_per_second": 123.4398963674454,
  "mode": "fast_local",
  "model": "llama3.2:1b",
  "end_time": 1755220508.3272655
}