{
  "start_time": 1755315583.2900703,
  "total_actions": 183,
  "total_episodes": 0,
  "llm_calls": 19,
  "actions_per_second": 2.423447845238767,
  "mode": "fast_monitored",
  "model": "smollm2:1.7b",
  "end_time": 1755315658.8023655
}