{
  "start_time": 1755383275.5451956,
  "total_actions": 87,
  "total_episodes": 0,
  "actions_per_second": 2.371567522812687,
  "mode": "fast_monitored",
  "model": "smollm2:1.7b",
  "llm_calls": 9,
  "llm_total_time": 1.1283926963806152,
  "llm_avg_time": 0.1253769662645128,
  "llm_success_rate": 0.0,
  "end_time": 1755383312.230169
}