{
  "start_time": 1755358748.6225493,
  "total_actions": 1000,
  "total_episodes": 0,
  "actions_per_second": 823.1868288662886,
  "mode": "ultra_fast",
  "model": "rule-based",
  "elapsed_time": 1.1944255828857422,
  "end_time": 1755358749.837714
}