{
  "start_time": 1755227687.7612898,
  "total_actions": 200,
  "total_episodes": 0,
  "llm_calls": 0,
  "actions_per_second": 677.3588150794272,
  "mode": "ultra_fast",
  "model": "smollm2:1.7b",
  "end_time": 1755227688.0565822
}