{
  "start_time": 1755231962.8973632,
  "total_actions": 5,
  "total_episodes": 0,
  "llm_calls": 0,
  "actions_per_second": 0.20135161952306282,
  "mode": "fast_monitored",
  "model": "rule-based",
  "end_time": 1755231987.7295985
}