{
  "start_time": 1755226916.8167121,
  "total_actions": 500,
  "total_episodes": 0,
  "llm_calls": 50,
  "actions_per_second": 98.61652037572004,
  "mode": "fast_local",
  "model": "smollm2:1.7b",
  "end_time": 1755226921.8869019
}