{
  "start_time": 1755301830.9916058,
  "total_actions": 30,
  "total_episodes": 0,
  "llm_calls": 10,
  "actions_per_second": 2.314110802636453,
  "mode": "fast_monitored",
  "model": "smollm2:1.7b",
  "end_time": 1755301843.9556153
}